,Sample,ht_area_ratio,ht_area_ratio_mc_mean,ht_area_ratio_mc_stdev
0,BN,0.20514520027701524,0.2047555830156002,0.00040875625612565007
1,GaN,0.23147086957552315,0.23073930181808602,0.0008585103277264614
2,AlN,0.22829229456692823,0.22850853712847732,0.0006354278825786088
3,Si3N4,0.20692121741961855,0.20687180666008992,0.0006409596923880489
4,GlassA870,0.19115059293304104,0.1858273449595786,0.006839290741041301
5,Buddingtonite,0.19435958525784863,0.1927620307833366,0.004154759264688317
