,Sample,ht_area_ratio,ht_area_ratio_mc_mean,ht_area_ratio_mc_stdev
0,BN,0.19943617470312958,0.19909129036174114,0.000570334958392981
1,GaN,0.22918876654103254,0.2285837057651865,0.0013077360457394006
2,AlN,0.22717360515121376,0.22631131625246417,0.0007428909641713701
3,Si3N4,0.20382709946837357,0.20341736906181737,0.0007411787823275942
4,GlassA870,0.19137230048425752,0.1913767300238037,0.007849037695320868
5,Buddingtonite,0.1950999198240653,0.1923125428549238,0.0031923325946363636
