,Sample,ht_area_ratio,ht_area_ratio_mc_mean,ht_area_ratio_mc_stdev
0,BN,0.19733647870235618,0.1969131298218287,0.0006414098774054604
1,GaN,0.230972906406043,0.2301519480854468,0.0018661766111380978
2,AlN,0.2288140005570562,0.22758725478555236,0.0004952399002719846
3,Si3N4,0.20716294157835993,0.2066809836331128,0.0010278217936492322
4,GlassA870,0.19048021621751604,0.1861811702283712,0.003766395092712313
