,Sample,ht_area_ratio,ht_area_ratio_mc_mean,ht_area_ratio_mc_stdev
0,BN,0.20459414536670045,0.2039471329082858,0.000954167501602659
1,GaN,0.24001363590912134,0.23883802861978712,0.0023495181646643257
2,AlN,0.234709191693662,0.23406003787297955,0.0014177374385855785
3,Si3N4,0.21059320042725488,0.2096554759417079,0.001013471504284859
4,GlassA870,0.20213577989635892,0.20377013045465472,0.006931377853832525
