,Sample,peak_pos,peak_pos_mc_mean,peak_pos_mc_stdev
0,BN,146.2200000000134,146.22400000001343,0.008000000000015462
1,GaN,145.94000000001327,145.93700000001326,0.004582575694964696
2,AlN,146.14000000001337,146.13900000001337,0.00943398113206851
3,Si3N4,146.1900000000134,146.18600000001342,0.004898979485575824
4,GlassA870,145.52000000001306,145.51700000001307,0.02002498439451905
5,Buddingtonite,145.88000000001324,145.88700000001324,0.021000000000010538
