,Sample,peak_pos,peak_pos_mc_mean,peak_pos_mc_stdev
0,BN,146.63000000001364,146.63600000001367,0.009165151389908307
1,GaN,146.27000000001345,146.27400000001344,0.006633249580704767
2,AlN,146.45000000001352,146.4470000000135,0.013453624047078165
3,Si3N4,146.5800000000136,146.5800000000136,0.0063245553203489825
4,GlassA870,145.93000000001325,145.92800000001327,0.03249615361855802
5,Buddingtonite,146.30000000001345,146.31200000001346,0.03370459909272335
