,Sample,peak_pos,peak_pos_mc_mean,peak_pos_mc_stdev
0,BN,146.94000000001378,146.9424000000138,0.013047605144248384
1,GaN,146.66000000001364,146.6574000000136,0.008200000000012229
2,AlN,146.86000000001374,146.85620000001373,0.00914111590563005
3,Si3N4,146.88000000001375,146.87900000001378,0.006082762530294462
4,GlassA870,146.28000000001344,146.16140000001337,0.045211060593639954
