,Sample,peak_pos,peak_pos_mc_mean,peak_pos_mc_stdev
0,BN,148.7600000000147,148.79200000001472,0.05385164807136923
1,GaN,148.5200000000146,148.52440000001457,0.008522910301062751
2,AlN,148.7200000000147,148.72220000001468,0.009008884503641727
3,Si3N4,148.75000000001472,148.75340000001472,0.007644605941446579
4,GlassA870,148.15000000001442,148.01880000001432,0.04023133107419894
